"pgm","transmissao"
"Amazônidas",NA
"Arquivo N",NA
"Boletim de Notícias",NA
"Bom Dia Brasil",NA
"Carnaval Blocos",NA
"Central Das Eleições",NA
"Central Globonews",NA
"Cidades E Soluções",NA
"Cobertura Pandemia Coronavírus",NA
"Cobertura Réveillon",NA
"Conversa Com Bial",NA
"Desacelera",NA
"Diálogos Com Mario Sergio Conti",NA
"Em Casa Com Nelson Motta",NA
"Em Foco Com Andréia Sadi",NA
"Em Movimento",NA
"Entre Aspas",NA
"Estúdio I",NA
"Fantástico",NA
"Fatos E Versões",NA
"Fernando Gabeira",NA
"Globo Repórter",NA
"Globo Rural",NA
"Globonews Debate",NA
"Globonews Documentário",NA
"Globonews Documento",NA
"Globonews Economia",NA
"Globonews Em Movimento",NA
"Globonews Em Pauta",NA
"Globonews Em Ponto",NA
"Globonews Especial",NA
"Globonews Internacional",NA
"Globonews Literatura",NA
"Globonews Miriam Leitão",NA
"Globonews Painel",NA
"Globonews Política",NA
"Grandes Nomes",NA
"Hub Globonews",NA
"Jornal Das Dez",NA
"Jornal Globonews",NA
"Manhattan Connection",NA
"Milênio",NA
"Mitos E Fatos",NA
"Mundo S/A",NA
"O Melhor do Brasil é o Brasileiro",NA
"Pequenas Empresas & Grandes Negócios",NA
"Plantão",NA
"Profissão Repórter",NA
"Que Mundo É Esse?",NA
"Retrospectiva",NA
"Roberto D’Ávila",NA
"Sem Fronteiras",NA
"Via Brasil",NA
