pgm;transmissao
Amazônidas;GRAVADO
Arquivo N;GRAVADO
Boletim de Notícias;VIVO
Bom Dia Brasil;GRAVADO
Carnaval Blocos;VIVO
Central Das Eleições;VIVO
Central Globonews;VIVO
Cidades E Soluções;GRAVADO
Cobertura Pandemia Coronavírus;VIVO
Cobertura Réveillon;VIVO
Conversa Com Bial;GRAVADO
Desacelera;GRAVADO
Diálogos Com Mario Sergio Conti;VIVO
Em Casa Com Nelson Motta;GRAVADO
Em Foco Com Andréia Sadi;GRAVADO / EVENTUAL VIVO
Em Movimento;GRAVADO
Entre Aspas;VIVO
Estúdio I;VIVO
Fantástico;GRAVADO
Fatos E Versões;GRAVADO
Fernando Gabeira;GRAVADO
Globo Repórter;GRAVADO
Globo Rural;GRAVADO
Globonews Debate;VIVO
Globonews Documentário;GRAVADO
Globonews Documento;GRAVADO
Globonews Economia;GRAVADO
Globonews Em Movimento;GRAVADO
Globonews Em Pauta;VIVO
Globonews Em Ponto;VIVO
Globonews Especial;GRAVADO
Globonews Internacional;VIVO / ANTES GRAVADO
Globonews Literatura;GRAVADO
Globonews Miriam Leitão;GRAVADO
Globonews Painel;GRAVADO
Globonews Política;GRAVADO
Grandes Nomes;GRAVADO
Hub Globonews;GRAVADO
Jornal Das Dez;VIVO
Jornal Globonews;VIVO
Manhattan Connection;VIVO / ANTES GRAVADO
Milênio;GRAVADO
Mitos E Fatos;GRAVADO
Mundo S/A;GRAVADO
O Melhor do Brasil é o Brasileiro;GRAVADO
Pequenas Empresas & Grandes Negócios;GRAVADO
Plantão;VIVO
Profissão Repórter;GRAVADO
Que Mundo É Esse?;GRAVADO
Retrospectiva;GRAVADO
Roberto D’Ávila;GRAVADO
Sem Fronteiras;GRAVADO
Via Brasil;GRAVADO
